filename,file_size,file_attributes,region_count,region_id,region_shape_attributes,region_attributes
0.jpg,193119,"{""caption"":"""",""public_domain"":""no"",""image_url"":""""}",1,0,"{""name"":""polygon"",""all_points_x"":[729,704,676,636,589,560,531,509,496,488,487,492,511,538,567,602,638,677,707,731,740,738],""all_points_y"":[332,298,280,266,266,276,293,314,340,362,386,426,452,483,501,511,512,497,476,438,390,364]}","{""name"":""not_defined"",""type"":""unknown"",""image_quality"":{""good"":true,""frontal"":true,""good_illumination"":true}}"
1.jpg,193101,"{""caption"":"""",""public_domain"":""no"",""image_url"":""""}",1,0,"{""name"":""polygon"",""all_points_x"":[736,726,709,687,660,633,594,559,536,509,496,489,489,497,510,524,544,567,589,618,647,682,708,724,736,740,740],""all_points_y"":[356,321,301,282,270,263,262,277,291,316,342,370,401,430,449,467,488,499,506,508,506,492,471,448,419,390,372]}","{""name"":""not_defined"",""type"":""unknown"",""image_quality"":{""good"":true,""frontal"":true,""good_illumination"":true}}"
2.jpg,179848,"{""caption"":"""",""public_domain"":""no"",""image_url"":""""}",1,0,"{""name"":""polygon"",""all_points_x"":[737,727,713,690,656,623,589,557,528,503,488,482,493,511,542,576,611,640,668,687,706,721,730,736,737],""all_points_y"":[367,330,308,283,268,260,264,274,292,321,350,397,429,459,488,506,512,508,501,489,476,452,434,408,388]}","{""name"":""not_defined"",""type"":""unknown"",""image_quality"":{""good"":true,""frontal"":true,""good_illumination"":true}}"
3.jpg,169257,"{""caption"":"""",""public_domain"":""no"",""image_url"":""""}",1,0,"{""name"":""polygon"",""all_points_x"":[738,732,723,706,683,650,618,587,556,531,509,496,488,491,507,524,543,568,589,613,642,669,688,704,718,731,738],""all_points_y"":[378,346,326,301,282,270,262,266,274,293,320,348,386,418,448,470,484,500,507,511,509,501,488,473,456,434,404]}","{""name"":""not_defined"",""type"":""unknown"",""image_quality"":{""good"":true,""frontal"":true,""good_illumination"":true}}"
4.jpg,149783,"{""caption"":"""",""public_domain"":""no"",""image_url"":""""}",1,0,"{""name"":""polygon"",""all_points_x"":[738,739,730,722,702,673,644,602,566,533,511,493,487,491,513,541,576,606,638,673,700,721,733],""all_points_y"":[394,373,343,321,294,277,268,262,271,289,317,350,387,422,459,488,506,510,510,499,480,452,424]}","{""name"":""not_defined"",""type"":""unknown"",""image_quality"":{""good"":true,""frontal"":true,""good_illumination"":true}}"
5.jpg,155653,"{""caption"":"""",""public_domain"":""no"",""image_url"":""""}",1,0,"{""name"":""polygon"",""all_points_x"":[740,739,733,719,696,664,632,600,563,537,514,497,489,489,497,513,538,560,596,633,664,692,713,731,734],""all_points_y"":[390,372,343,317,292,276,266,266,276,288,310,338,373,400,434,457,481,497,509,510,501,486,466,430,418]}","{""name"":""not_defined"",""type"":""unknown"",""image_quality"":{""good"":true,""frontal"":true,""good_illumination"":true}}"
6.jpg,151247,"{""caption"":"""",""public_domain"":""no"",""image_url"":""""}",1,0,"{""name"":""polygon"",""all_points_x"":[738,738,731,716,689,662,629,593,559,531,511,499,491,489,496,509,532,554,594,629,659,688,708,727,731],""all_points_y"":[392,368,341,311,287,271,262,266,278,296,314,339,369,399,430,449,477,493,507,510,503,489,471,443,417]}","{""name"":""not_defined"",""type"":""unknown"",""image_quality"":{""good"":true,""frontal"":true,""good_illumination"":true}}"
7.jpg,155000,"{""caption"":"""",""public_domain"":""no"",""image_url"":""""}",1,0,"{""name"":""polygon"",""all_points_x"":[736,727,716,694,669,630,588,553,527,500,487,484,497,521,550,578,611,651,683,710,730,739],""all_points_y"":[406,438,461,486,503,512,508,497,476,436,403,371,334,303,281,270,266,267,283,303,339,374]}","{""name"":""not_defined"",""type"":""unknown"",""image_quality"":{""good"":true,""frontal"":true,""good_illumination"":true}}"
8.jpg,196388,"{""caption"":"""",""public_domain"":""no"",""image_url"":""""}",1,0,"{""name"":""polygon"",""all_points_x"":[739,738,733,720,691,662,627,599,570,539,514,497,487,487,496,520,543,567,603,631,666,694,714,730],""all_points_y"":[394,372,350,319,287,271,263,261,270,287,309,334,368,402,431,463,487,498,508,508,499,482,461,426]}","{""name"":""not_defined"",""type"":""unknown"",""image_quality"":{""good"":true,""frontal"":true,""good_illumination"":true}}"
9.jpg,190644,"{""caption"":"""",""public_domain"":""no"",""image_url"":""""}",1,0,"{""name"":""polygon"",""all_points_x"":[733,738,738,736,723,703,667,631,601,567,543,521,501,487,487,500,522,539,561,593,620,651,682,700,718],""all_points_y"":[421,392,368,353,322,294,273,266,262,271,282,301,329,362,401,437,466,481,498,508,510,508,493,479,453]}","{""name"":""not_defined"",""type"":""unknown"",""image_quality"":{""good"":true,""frontal"":true,""good_illumination"":true}}"
10.jpg,152002,"{""caption"":"""",""public_domain"":""no"",""image_url"":""""}",1,0,"{""name"":""polygon"",""all_points_x"":[738,738,737,730,714,698,673,650,617,586,557,533,510,493,487,489,508,531,551,579,612,640,670,692,712,727],""all_points_y"":[402,381,359,333,307,290,278,267,261,266,276,292,314,340,374,410,443,472,489,501,508,507,499,481,461,439]}","{""name"":""not_defined"",""type"":""unknown"",""image_quality"":{""good"":true,""frontal"":true,""good_illumination"":true}}"
11.jpg,154904,"{""caption"":"""",""public_domain"":""no"",""image_url"":""""}",1,0,"{""name"":""polygon"",""all_points_x"":[732,739,737,731,717,691,670,638,596,564,531,509,491,488,498,513,537,567,594,626,658,684,707,723],""all_points_y"":[423,400,369,338,310,286,274,263,262,273,292,321,354,387,426,454,480,498,508,510,502,491,471,447]}","{""name"":""not_defined"",""type"":""unknown"",""image_quality"":{""good"":true,""frontal"":true,""good_illumination"":true}}"
12.jpg,175727,"{""caption"":"""",""public_domain"":""no"",""image_url"":""""}",1,0,"{""name"":""polygon"",""all_points_x"":[736,740,737,732,720,696,666,639,616,580,550,526,504,491,492,500,516,542,568,599,637,672,700,722],""all_points_y"":[417,390,360,339,311,289,272,266,262,267,281,303,331,368,408,430,456,483,499,507,510,500,481,450]}","{""name"":""not_defined"",""type"":""unknown"",""image_quality"":{""good"":true,""frontal"":true,""good_illumination"":true}}"
13.jpg,175191,"{""caption"":"""",""public_domain"":""no"",""image_url"":""""}",1,0,"{""name"":""polygon"",""all_points_x"":[739,738,736,726,704,678,651,617,587,558,536,518,504,491,488,496,512,531,557,581,616,651,683,709,724],""all_points_y"":[406,374,350,322,297,279,269,263,266,274,290,309,328,361,392,424,452,472,492,506,510,506,492,471,446]}","{""name"":""not_defined"",""type"":""unknown"",""image_quality"":{""good"":true,""frontal"":true,""good_illumination"":true}}"
14.jpg,173448,"{""caption"":"""",""public_domain"":""no"",""image_url"":""""}",1,0,"{""name"":""polygon"",""all_points_x"":[730,737,740,736,723,701,673,638,609,577,551,531,513,500,491,489,491,500,513,533,553,582,610,633,668,694,716],""all_points_y"":[434,408,378,349,320,294,276,267,262,267,277,292,309,331,354,378,399,430,452,476,492,503,510,509,501,482,458]}","{""name"":""not_defined"",""type"":""unknown"",""image_quality"":{""good"":true,""frontal"":true,""good_illumination"":true}}"
15.jpg,171272,"{""caption"":"""",""public_domain"":""no"",""image_url"":""""}",1,0,"{""name"":""polygon"",""all_points_x"":[736,739,738,731,720,699,669,639,606,574,546,521,509,497,492,491,493,501,520,540,563,589,618,646,673,693,718,731],""all_points_y"":[407,384,367,342,317,291,274,262,261,269,282,301,318,340,362,383,409,433,459,479,494,506,509,506,497,483,459,433]}","{""name"":""not_defined"",""type"":""unknown"",""image_quality"":{""good"":true,""frontal"":true,""good_illumination"":true}}"
16.jpg,148545,"{""caption"":"""",""public_domain"":""no"",""image_url"":""""}",1,0,"{""name"":""polygon"",""all_points_x"":[696,694,692,689,673,656,629,611,590,572,553,538,520,503,496,491,490,490,493,497,502,513,528,547,566,583,607,624,642,663,680,689],""all_points_y"":[383,352,329,303,283,270,259,257,258,261,269,278,292,317,339,359,377,398,418,434,456,474,488,502,509,514,517,513,510,497,472,436]}","{""name"":""not_defined"",""type"":""unknown"",""image_quality"":{""good"":true,""frontal"":true,""good_illumination"":true}}"
17.jpg,114426,"{""caption"":"""",""public_domain"":""no"",""image_url"":""""}",1,0,"{""name"":""polygon"",""all_points_x"":[696,699,698,698,692,680,658,642,607,580,553,532,513,504,498,493,493,499,507,522,539,553,572,594,624,650,672,686,690],""all_points_y"":[409,384,353,336,309,283,268,262,254,257,268,283,301,323,346,377,402,427,456,479,492,502,512,518,514,507,492,469,443]}","{""name"":""not_defined"",""type"":""unknown"",""image_quality"":{""good"":true,""frontal"":true,""good_illumination"":true}}"
18.jpg,133317,"{""caption"":"""",""public_domain"":""no"",""image_url"":""""}",1,0,"{""name"":""polygon"",""all_points_x"":[696,697,697,694,693,681,651,628,598,572,544,529,514,504,500,497,496,496,498,503,512,526,538,557,581,607,639,662,679,688],""all_points_y"":[396,377,359,339,310,283,262,256,252,258,268,282,298,318,337,360,383,403,430,446,470,486,497,508,514,519,514,501,472,440]}","{""name"":""not_defined"",""type"":""unknown"",""image_quality"":{""good"":true,""frontal"":true,""good_illumination"":true}}"
19.jpg,146774,"{""caption"":"""",""public_domain"":""no"",""image_url"":""""}",1,0,"{""name"":""polygon"",""all_points_x"":[691,690,691,692,683,653,629,604,584,552,530,517,504,496,494,496,497,508,528,547,567,593,623,651,670,681],""all_points_y"":[384,361,331,309,284,264,257,254,254,266,280,297,320,349,380,410,436,466,488,503,512,519,518,510,492,454]}","{""name"":""not_defined"",""type"":""unknown"",""image_quality"":{""good"":true,""frontal"":true,""good_illumination"":true}}"
20.jpg,159576,"{""caption"":"""",""public_domain"":""no"",""image_url"":""""}",1,0,"{""name"":""polygon"",""all_points_x"":[682,684,687,689,690,687,687,673,651,617,587,556,528,512,501,498,496,497,501,511,529,550,576,600,631,656,672],""all_points_y"":[470,444,410,378,350,322,292,274,260,256,256,263,278,302,332,368,396,430,451,474,492,508,518,522,519,503,488]}","{""name"":""not_defined"",""type"":""unknown"",""image_quality"":{""good"":true,""frontal"":true,""good_illumination"":true}}"
21.jpg,140816,"{""caption"":"""",""public_domain"":""no"",""image_url"":""""}",1,0,"{""name"":""polygon"",""all_points_x"":[676,662,641,613,579,544,522,504,499,494,496,504,518,536,556,579,603,642,672,687,689,686],""all_points_y"":[473,499,514,523,520,508,488,461,421,392,356,322,293,276,261,254,252,259,278,313,359,387]}","{""name"":""not_defined"",""type"":""unknown"",""image_quality"":{""good"":true,""frontal"":true,""good_illumination"":true}}"
22.jpg,154474,"{""caption"":"""",""public_domain"":""no"",""image_url"":""""}",1,0,"{""name"":""polygon"",""all_points_x"":[676,682,662,632,604,568,540,521,504,494,491,491,498,504,519,548,593,623,657,670,673,673],""all_points_y"":[382,298,271,259,254,253,269,284,308,332,362,394,430,461,487,508,524,520,507,478,469,387]}","{""name"":""not_defined"",""type"":""unknown"",""image_quality"":{""good"":true,""frontal"":true,""good_illumination"":true}}"
23.jpg,157335,"{""caption"":"""",""public_domain"":""no"",""image_url"":""""}",1,0,"{""name"":""polygon"",""all_points_x"":[670,676,678,669,650,630,602,566,533,507,497,496,496,499,509,529,562,597,631,652,664,669],""all_points_y"":[383,336,297,277,263,258,253,256,274,300,342,381,412,446,474,498,516,524,519,506,484,468]}","{""name"":""not_defined"",""type"":""unknown"",""image_quality"":{""good"":true,""frontal"":true,""good_illumination"":true}}"
24.jpg,161309,"{""caption"":"""",""public_domain"":""no"",""image_url"":""""}",1,0,"{""name"":""polygon"",""all_points_x"":[651,598,593,660,658,647,623,592,562,534,520,504,500,499,497,494,509,530,553,587,613,629,644],""all_points_y"":[462,382,373,319,296,264,248,240,242,256,266,284,313,367,402,472,500,520,528,532,522,507,482]}","{""name"":""not_defined"",""type"":""unknown"",""image_quality"":{""good"":true,""frontal"":true,""good_illumination"":true}}"
25.jpg,164487,"{""caption"":"""",""public_domain"":""no"",""image_url"":""""}",1,0,"{""name"":""polygon"",""all_points_x"":[651,593,660,654,637,616,592,569,543,524,513,504,500,499,498,497,497,497,503,527,547,579,608,626,639],""all_points_y"":[461,379,314,286,257,248,242,243,253,262,273,284,321,349,384,413,447,473,494,518,523,530,523,504,487]}","{""name"":""not_defined"",""type"":""unknown"",""image_quality"":{""good"":true,""frontal"":true,""good_illumination"":true}}"
26.jpg,167633,"{""caption"":"""",""public_domain"":""no"",""image_url"":""""}",1,0,"{""name"":""polygon"",""all_points_x"":[651,596,591,660,653,634,608,586,559,531,506,501,496,494,496,496,496,499,520,544,576,601,621,638],""all_points_y"":[461,380,373,311,283,256,243,239,242,257,279,289,350,384,410,440,470,494,514,529,532,528,518,494]}","{""name"":""not_defined"",""type"":""unknown"",""image_quality"":{""good"":true,""frontal"":true,""good_illumination"":true}}"
27.jpg,170757,"{""caption"":"""",""public_domain"":""no"",""image_url"":""""}",1,0,"{""name"":""polygon"",""all_points_x"":[649,590,658,653,647,638,620,600,571,547,530,508,500,500,494,502,517,540,572,593,613,633,639],""all_points_y"":[461,379,309,288,271,257,248,241,241,248,257,278,294,371,468,490,513,527,532,530,519,497,483]}","{""name"":""not_defined"",""type"":""unknown"",""image_quality"":{""good"":true,""frontal"":true,""good_illumination"":true}}"
28.jpg,168974,"{""caption"":"""",""public_domain"":""no"",""image_url"":""""}",1,0,"{""name"":""polygon"",""all_points_x"":[651,590,658,653,647,629,611,584,562,530,514,503,500,498,496,494,494,497,513,529,546,578,601,620,637],""all_points_y"":[462,381,312,287,263,250,240,237,240,254,271,283,329,364,397,429,472,483,507,517,528,530,528,512,493]}","{""name"":""not_defined"",""type"":""unknown"",""image_quality"":{""good"":true,""frontal"":true,""good_illumination"":true}}"
29.jpg,143933,"{""caption"":"""",""public_domain"":""no"",""image_url"":""""}",1,0,"{""name"":""polygon"",""all_points_x"":[651,589,656,653,646,624,604,578,550,527,511,502,498,500,497,498,497,497,518,544,570,591,611,632,647],""all_points_y"":[462,381,310,288,268,251,242,239,243,259,277,296,342,380,417,451,474,483,512,529,532,530,519,501,470]}","{""name"":""not_defined"",""type"":""unknown"",""image_quality"":{""good"":true,""frontal"":true,""good_illumination"":true}}"
30.jpg,142783,"{""caption"":"""",""public_domain"":""no"",""image_url"":""""}",1,0,"{""name"":""polygon"",""all_points_x"":[651,633,589,658,652,643,623,609,589,562,540,517,501,497,496,498,499,498,513,536,563,590,607,624,638],""all_points_y"":[464,443,378,312,288,266,250,243,241,239,251,272,287,320,372,420,466,481,509,523,534,532,524,510,490]}","{""name"":""not_defined"",""type"":""unknown"",""image_quality"":{""good"":true,""frontal"":true,""good_illumination"":true}}"
31.jpg,145548,"{""caption"":"""",""public_domain"":""no"",""image_url"":""""}",1,0,"{""name"":""polygon"",""all_points_x"":[647,621,588,656,652,643,624,606,568,543,519,507,498,499,500,496,496,494,510,534,566,590,616,636,644],""all_points_y"":[461,437,378,309,286,263,246,240,241,252,271,289,298,346,384,417,468,477,507,526,532,531,519,492,472]}","{""name"":""not_defined"",""type"":""unknown"",""image_quality"":{""good"":true,""frontal"":true,""good_illumination"":true}}"
32.jpg,165999,"{""caption"":"""",""public_domain"":""no"",""image_url"":""""}",1,0,"{""name"":""polygon"",""all_points_x"":[707,699,673,647,616,586,550,523,506,498,493,496,522,549,576,611,647,677,696,700,696,690,687,681],""all_points_y"":[430,450,488,501,510,508,494,471,446,394,354,314,279,263,253,249,253,270,297,323,346,360,367,378]}","{""name"":""not_defined"",""type"":""unknown"",""image_quality"":{""good"":true,""frontal"":true,""good_illumination"":true}}"
33.jpg,149370,"{""caption"":"""",""public_domain"":""no"",""image_url"":""""}",1,0,"{""name"":""polygon"",""all_points_x"":[681,694,706,706,699,681,661,633,607,573,551,529,509,504,500,500,500,504,521,540,560,581,612,646,677,693,700,699,694,690],""all_points_y"":[384,398,411,430,460,486,497,509,510,503,493,477,443,414,389,366,338,311,290,274,260,256,251,256,270,293,319,334,350,366]}","{""name"":""not_defined"",""type"":""unknown"",""image_quality"":{""good"":true,""frontal"":true,""good_illumination"":true}}"
34.jpg,155031,"{""caption"":"""",""public_domain"":""no"",""image_url"":""""}",1,0,"{""name"":""polygon"",""all_points_x"":[677,693,703,706,709,702,688,670,648,624,598,570,544,526,513,504,499,498,497,501,512,527,540,563,589,619,644,670,686,699,702,698,690,680],""all_points_y"":[378,391,403,420,437,457,477,490,502,509,509,502,487,471,449,423,396,372,344,319,301,279,270,260,251,250,256,268,286,308,328,343,360,377]}","{""name"":""not_defined"",""type"":""unknown"",""image_quality"":{""good"":true,""frontal"":true,""good_illumination"":true}}"
35.jpg,143040,"{""caption"":"""",""public_domain"":""no"",""image_url"":""""}",1,0,"{""name"":""polygon"",""all_points_x"":[684,697,702,703,697,683,667,640,603,578,557,544,524,511,501,498,503,501,509,518,531,550,569,591,617,638,654,673,687,699,704,706,709,710,694,678],""all_points_y"":[366,348,336,312,291,273,257,252,250,252,261,270,287,304,328,357,388,412,438,457,473,488,498,507,509,506,501,490,478,460,438,426,414,400,390,374]}","{""name"":""not_defined"",""type"":""unknown"",""image_quality"":{""good"":true,""frontal"":true,""good_illumination"":true}}"
36.jpg,178345,"{""caption"":"""",""public_domain"":""no"",""image_url"":""""}",1,0,"{""name"":""polygon"",""all_points_x"":[682,697,704,706,696,679,656,638,611,579,557,532,513,503,499,499,500,500,501,506,513,522,537,559,580,603,627,647,661,682,697,702,706,706,706,708,679],""all_points_y"":[369,352,340,328,293,270,259,251,249,253,262,274,294,312,323,338,357,381,399,426,444,462,478,494,503,508,508,503,497,483,466,448,428,414,403,398,373]}","{""name"":""not_defined"",""type"":""unknown"",""image_quality"":{""good"":true,""frontal"":true,""good_illumination"":true}}"
37.jpg,175743,"{""caption"":"""",""public_domain"":""no"",""image_url"":""""}",1,0,"{""name"":""polygon"",""all_points_x"":[681,692,704,697,679,657,622,598,563,534,517,503,497,496,498,502,509,530,549,576,612,640,669,690,701,709,711,711,709,689,676],""all_points_y"":[366,350,317,292,266,257,251,249,258,270,289,309,328,359,386,420,439,468,488,501,510,506,491,473,454,430,421,407,399,387,372]}","{""name"":""not_defined"",""type"":""unknown"",""image_quality"":{""good"":true,""frontal"":true,""good_illumination"":true}}"
38.jpg,179228,"{""caption"":"""",""public_domain"":""no"",""image_url"":""""}",1,0,"{""name"":""polygon"",""all_points_x"":[682,698,707,700,689,663,636,613,590,559,540,518,503,499,502,504,507,518,536,554,572,601,626,651,673,687,700,708,710,710],""all_points_y"":[372,350,332,298,278,259,252,252,249,260,270,289,319,354,377,402,430,451,474,491,500,504,506,497,488,474,452,428,408,397]}","{""name"":""not_defined"",""type"":""unknown"",""image_quality"":{""good"":true,""frontal"":true,""good_illumination"":true}}"
39.jpg,176637,"{""caption"":"""",""public_domain"":""no"",""image_url"":""""}",1,0,"{""name"":""polygon"",""all_points_x"":[707,696,689,681,696,704,710,708,704,692,679,663,639,603,579,550,529,510,502,495,493,493,497,503,517,535,553,574,594,620,641,662,679,693,701,704],""all_points_y"":[341,355,367,380,395,403,410,438,453,472,485,495,506,509,503,490,472,444,421,393,366,343,321,304,288,275,264,253,251,250,253,260,270,286,301,320]}","{""name"":""not_defined"",""type"":""unknown"",""image_quality"":{""good"":true,""frontal"":true,""good_illumination"":true}}"
40.jpg,144785,"{""caption"":"""",""public_domain"":""no"",""image_url"":""""}",1,0,"{""name"":""polygon"",""all_points_x"":[673,692,704,701,699,682,662,637,610,574,545,527,513,500,497,500,500,505,513,528,545,566,589,608,628,641,658,677,689,701,707,710,709,708,674],""all_points_y"":[367,349,332,313,292,273,259,252,252,255,267,281,298,316,345,366,392,414,436,464,480,496,504,507,507,504,496,486,470,452,435,418,405,398,370]}","{""name"":""not_defined"",""type"":""unknown"",""image_quality"":{""good"":true,""frontal"":true,""good_illumination"":true}}"
41.jpg,170364,"{""caption"":"""",""public_domain"":""no"",""image_url"":""""}",1,0,"{""name"":""polygon"",""all_points_x"":[668,680,698,705,704,702,698,692,679,669,639,598,573,543,519,504,504,504,508,513,526,540,559,581,602,622,640,660,683,692,703,707,710,707],""all_points_y"":[373,364,347,333,319,303,291,277,265,259,252,249,255,268,291,319,349,376,412,437,459,477,493,503,507,508,506,499,484,472,456,443,419,405]}","{""name"":""not_defined"",""type"":""unknown"",""image_quality"":{""good"":true,""frontal"":true,""good_illumination"":true}}"
42.jpg,169435,"{""caption"":"""",""public_domain"":""no"",""image_url"":""""}",1,0,"{""name"":""polygon"",""all_points_x"":[710,686,662,704,701,699,691,675,656,625,589,558,534,513,504,503,503,510,519,534,554,580,608,631,656,677,694,704,708],""all_points_y"":[402,392,375,335,316,299,279,262,256,252,251,260,278,303,329,358,388,421,446,472,490,500,506,507,500,488,471,453,426]}","{""name"":""not_defined"",""type"":""unknown"",""image_quality"":{""good"":true,""frontal"":true,""good_illumination"":true}}"
43.jpg,163888,"{""caption"":"""",""public_domain"":""no"",""image_url"":""""}",1,0,"{""name"":""polygon"",""all_points_x"":[659,703,699,673,640,611,578,548,520,502,497,502,511,526,550,580,620,653,691,712,712,711],""all_points_y"":[374,341,294,262,257,252,260,270,292,327,371,408,436,466,488,503,510,503,482,452,430,407]}","{""name"":""not_defined"",""type"":""unknown"",""image_quality"":{""good"":true,""frontal"":true,""good_illumination"":true}}"
44.jpg,148780,"{""caption"":"""",""public_domain"":""no"",""image_url"":""""}",1,0,"{""name"":""polygon"",""all_points_x"":[669,692,700,702,701,695,686,674,662,637,610,586,570,548,532,516,507,503,502,503,503,508,515,526,541,561,580,603,630,646,664,681,693,701,704,707,710,710],""all_points_y"":[375,354,334,314,299,285,273,265,260,254,252,253,259,268,281,297,316,339,358,385,405,420,440,459,477,490,497,506,504,503,495,485,472,460,446,431,414,404]}","{""name"":""not_defined"",""type"":""unknown"",""image_quality"":{""good"":true,""frontal"":true,""good_illumination"":true}}"
45.jpg,148218,"{""caption"":"""",""public_domain"":""no"",""image_url"":""""}",1,0,"{""name"":""polygon"",""all_points_x"":[710,691,675,663,683,698,704,703,700,695,683,672,656,639,621,599,576,554,537,515,504,502,503,506,510,519,538,573,598,622,640,656,671,687,697,705,710,710,707,672,662],""all_points_y"":[406,395,388,375,364,346,332,317,301,285,270,263,256,255,253,250,257,265,279,300,328,351,383,405,425,449,476,498,507,509,506,500,492,481,468,453,430,415,404,382,373]}","{""name"":""not_defined"",""type"":""unknown"",""image_quality"":{""good"":true,""frontal"":true,""good_illumination"":true}}"
46.jpg,151719,"{""caption"":"""",""public_domain"":""no"",""image_url"":""""}",1,0,"{""name"":""polygon"",""all_points_x"":[709,665,704,704,697,679,656,640,610,583,556,536,516,504,497,500,507,518,533,553,582,615,641,662,679,694,705,710],""all_points_y"":[406,378,332,312,288,265,256,253,249,253,264,276,298,323,359,389,416,444,468,484,500,507,507,497,484,468,453,430]}","{""name"":""not_defined"",""type"":""unknown"",""image_quality"":{""good"":true,""frontal"":true,""good_illumination"":true}}"
47.jpg,153056,"{""caption"":"""",""public_domain"":""no"",""image_url"":""""}",1,0,"{""name"":""polygon"",""all_points_x"":[675,686,695,704,705,700,689,665,641,610,586,558,531,512,501,498,500,507,519,538,564,592,627,650,671,687,700,707,710,712,712,712],""all_points_y"":[368,358,345,327,312,291,272,260,253,249,252,264,282,303,331,355,388,418,447,475,492,502,507,503,494,482,468,449,431,417,406,401]}","{""name"":""not_defined"",""type"":""unknown"",""image_quality"":{""good"":true,""frontal"":true,""good_illumination"":true}}"
48.jpg,158627,"{""caption"":"""",""public_domain"":""no"",""image_url"":""""}",1,0,"{""name"":""polygon"",""all_points_x"":[710,662,706,702,692,677,661,638,605,578,552,529,512,500,500,505,508,525,543,567,608,640,659,680,695,707,712,712],""all_points_y"":[406,380,332,304,279,264,257,252,250,255,265,284,310,338,366,395,419,453,479,494,507,507,497,484,466,453,430,416]}","{""name"":""not_defined"",""type"":""unknown"",""image_quality"":{""good"":true,""frontal"":true,""good_illumination"":true}}"
49.jpg,172544,"{""caption"":"""",""public_domain"":""no"",""image_url"":""""}",1,0,"{""name"":""polygon"",""all_points_x"":[662,704,706,697,678,653,616,579,546,522,507,500,503,507,519,534,561,584,614,637,656,674,691,701,709,713,713,713],""all_points_y"":[376,329,310,285,265,257,251,253,268,289,322,357,397,422,450,469,488,501,507,506,498,489,475,459,439,418,410,404]}","{""name"":""not_defined"",""type"":""unknown"",""image_quality"":{""good"":true,""frontal"":true,""good_illumination"":true}}"
50.jpg,178032,"{""caption"":"""",""public_domain"":""no"",""image_url"":""""}",1,0,"{""name"":""polygon"",""all_points_x"":[710,657,695,707,704,686,656,623,589,564,535,513,503,500,503,503,519,532,550,583,606,638,662,683,702,707,713,714],""all_points_y"":[402,373,348,326,296,272,257,250,252,262,276,302,321,349,373,402,445,465,483,500,506,507,495,482,462,444,420,409]}","{""name"":""not_defined"",""type"":""unknown"",""image_quality"":{""good"":true,""frontal"":true,""good_illumination"":true}}"
51.jpg,174438,"{""caption"":"""",""public_domain"":""no"",""image_url"":""""}",1,0,"{""name"":""polygon"",""all_points_x"":[711,665,692,704,706,698,678,656,625,598,563,535,513,502,497,502,515,525,557,590,629,659,689,710,719],""all_points_y"":[405,376,349,329,315,287,265,257,253,250,261,278,299,330,370,401,439,462,487,502,507,501,481,461,428]}","{""name"":""not_defined"",""type"":""unknown"",""image_quality"":{""good"":true,""frontal"":true,""good_illumination"":true}}"
52.jpg,173732,"{""caption"":"""",""public_domain"":""no"",""image_url"":""""}",1,0,"{""name"":""polygon"",""all_points_x"":[710,665,704,704,700,694,678,653,627,602,572,543,522,509,500,498,503,513,527,544,558,580,602,626,650,672,685,700,711,711],""all_points_y"":[404,378,337,318,294,282,263,255,249,251,256,274,291,311,338,373,407,446,465,483,494,503,509,510,504,492,480,460,431,416]}","{""name"":""not_defined"",""type"":""unknown"",""image_quality"":{""good"":true,""frontal"":true,""good_illumination"":true}}"
53.jpg,158640,"{""caption"":"""",""public_domain"":""no"",""image_url"":""""}",1,0,"{""name"":""polygon"",""all_points_x"":[710,681,665,684,696,703,700,695,672,648,619,597,580,561,539,525,510,497,499,504,511,523,541,558,582,607,630,653,674,691,701,710,713],""all_points_y"":[405,385,373,355,337,319,300,284,261,252,249,251,255,262,274,288,307,346,386,411,435,459,479,493,503,507,507,500,489,475,460,437,416]}","{""name"":""not_defined"",""type"":""unknown"",""image_quality"":{""good"":true,""frontal"":true,""good_illumination"":true}}"
54.jpg,163846,"{""caption"":"""",""public_domain"":""no"",""image_url"":""""}",1,0,"{""name"":""polygon"",""all_points_x"":[710,678,668,686,693,699,703,701,695,684,664,648,631,615,595,575,557,538,523,510,502,497,500,501,504,510,521,531,552,570,592,613,643,659,673,689,701,708,710,710],""all_points_y"":[404,383,373,355,341,329,316,303,285,272,259,253,250,249,250,255,262,273,287,308,328,349,373,400,414,434,453,468,488,498,503,507,503,498,491,477,465,446,428,424]}","{""name"":""not_defined"",""type"":""unknown"",""image_quality"":{""good"":true,""frontal"":true,""good_illumination"":true}}"
55.jpg,154256,"{""caption"":"""",""public_domain"":""no"",""image_url"":""""}",1,0,"{""name"":""polygon"",""all_points_x"":[713,678,665,687,697,701,703,695,671,645,623,592,563,540,525,509,502,500,503,509,516,526,546,564,586,613,634,651,669,681,692,707,713],""all_points_y"":[406,384,375,354,338,320,298,281,262,255,249,251,261,275,287,313,338,370,399,428,446,465,482,494,502,507,504,501,494,483,474,453,434]}","{""name"":""not_defined"",""type"":""unknown"",""image_quality"":{""good"":true,""frontal"":true,""good_illumination"":true}}"
56.jpg,155161,"{""caption"":"""",""public_domain"":""no"",""image_url"":""""}",1,0,"{""name"":""polygon"",""all_points_x"":[712,672,665,698,705,701,696,681,658,632,604,576,553,531,513,502,497,498,500,507,516,526,543,559,581,599,622,643,663,683,698,709,712],""all_points_y"":[401,379,370,340,325,303,287,270,258,250,249,254,262,277,295,318,346,377,398,422,443,464,481,490,500,504,506,503,495,484,464,443,421]}","{""name"":""not_defined"",""type"":""unknown"",""image_quality"":{""good"":true,""frontal"":true,""good_illumination"":true}}"
57.jpg,153861,"{""caption"":"""",""public_domain"":""no"",""image_url"":""""}",1,0,"{""name"":""polygon"",""all_points_x"":[712,691,674,665,693,704,704,697,684,662,643,618,591,569,549,526,506,499,500,509,518,535,552,572,594,622,640,663,679,698,708,710],""all_points_y"":[405,393,382,370,345,329,310,288,272,259,253,249,252,257,267,286,320,354,383,418,446,471,486,496,503,507,502,496,484,465,443,424]}","{""name"":""not_defined"",""type"":""unknown"",""image_quality"":{""good"":true,""frontal"":true,""good_illumination"":true}}"
58.jpg,145712,"{""caption"":"""",""public_domain"":""no"",""image_url"":""""}",1,0,"{""name"":""polygon"",""all_points_x"":[713,696,673,658,678,694,700,701,692,677,659,645,624,599,570,549,529,516,502,499,500,503,508,521,536,558,583,604,627,653,678,694,702,709],""all_points_y"":[415,395,380,373,355,342,319,301,280,268,258,254,250,249,254,267,281,300,328,351,380,408,426,456,475,488,502,506,506,500,486,470,453,434]}","{""name"":""not_defined"",""type"":""unknown"",""image_quality"":{""good"":true,""frontal"":true,""good_illumination"":true}}"
59.jpg,152219,"{""caption"":"""",""public_domain"":""no"",""image_url"":""""}",1,0,"{""name"":""polygon"",""all_points_x"":[712,674,665,690,698,704,698,689,676,656,635,619,590,567,546,526,509,497,495,497,498,507,521,533,554,569,598,618,646,669,694,710,713],""all_points_y"":[408,383,373,352,341,315,295,276,267,255,253,249,251,257,267,286,307,334,361,386,408,431,453,472,488,494,504,507,500,491,473,440,422]}","{""name"":""not_defined"",""type"":""unknown"",""image_quality"":{""good"":true,""frontal"":true,""good_illumination"":true}}"
60.jpg,142178,"{""caption"":"""",""public_domain"":""no"",""image_url"":""""}",1,0,"{""name"":""polygon"",""all_points_x"":[709,691,669,659,686,697,701,697,681,659,631,604,573,548,525,508,497,497,499,500,504,518,531,547,568,595,622,638,659,677,698,708,712],""all_points_y"":[410,390,378,370,353,335,313,290,270,259,250,249,256,268,287,312,332,362,389,407,428,450,470,485,496,503,507,502,495,484,465,441,422]}","{""name"":""not_defined"",""type"":""unknown"",""image_quality"":{""good"":true,""frontal"":true,""good_illumination"":true}}"
61.jpg,157233,"{""caption"":"""",""public_domain"":""no"",""image_url"":""""}",1,0,"{""name"":""polygon"",""all_points_x"":[710,692,671,655,672,689,698,701,700,697,686,672,651,631,604,570,540,519,503,497,497,500,507,521,538,552,574,603,628,652,672,690,701,708],""all_points_y"":[409,391,380,373,364,348,333,319,302,288,274,265,256,252,249,257,273,297,325,356,383,409,434,457,475,488,498,504,507,501,491,474,456,434]}","{""name"":""not_defined"",""type"":""unknown"",""image_quality"":{""good"":true,""frontal"":true,""good_illumination"":true}}"
62.jpg,158622,"{""caption"":"""",""public_domain"":""no"",""image_url"":""""}",1,0,"{""name"":""polygon"",""all_points_x"":[710,689,672,665,696,701,700,695,677,653,628,604,579,558,536,513,499,494,495,499,503,513,523,544,573,601,630,660,682,700,710,710],""all_points_y"":[411,389,380,372,340,322,303,284,267,255,251,249,252,261,274,299,325,345,373,401,423,444,462,481,498,507,507,497,481,462,434,417]}","{""name"":""not_defined"",""type"":""unknown"",""image_quality"":{""good"":true,""frontal"":true,""good_illumination"":true}}"
63.jpg,131097,"{""caption"":"""",""public_domain"":""no"",""image_url"":""""}",1,0,"{""name"":""polygon"",""all_points_x"":[710,698,677,661,677,698,701,700,699,689,674,651,627,604,581,561,541,519,507,500,496,496,502,518,531,552,584,624,651,679,700,710],""all_points_y"":[412,395,384,373,361,334,322,307,292,273,262,256,249,249,252,260,270,292,313,335,358,383,412,441,465,486,500,507,500,486,465,437]}","{""name"":""not_defined"",""type"":""unknown"",""image_quality"":{""good"":true,""frontal"":true,""good_illumination"":true}}"
64.jpg,152923,"{""caption"":"""",""public_domain"":""no"",""image_url"":""""}",1,0,"{""name"":""polygon"",""all_points_x"":[712,690,668,665,689,699,704,700,679,650,622,598,570,525,506,500,497,500,508,526,545,567,589,616,642,668,683,697,707,713],""all_points_y"":[405,386,374,370,349,331,313,285,265,254,248,249,251,282,315,337,367,397,428,456,478,491,498,503,502,493,481,467,446,428]}","{""name"":""not_defined"",""type"":""unknown"",""image_quality"":{""good"":true,""frontal"":true,""good_illumination"":true}}"
65.jpg,172930,"{""caption"":"""",""public_domain"":""no"",""image_url"":""""}",1,0,"{""name"":""polygon"",""all_points_x"":[710,696,679,665,659,656,678,693,701,701,697,683,661,627,599,580,554,534,516,503,495,495,497,501,507,519,532,558,592,623,646,671,686,700,707,710],""all_points_y"":[410,394,385,377,373,370,355,340,325,310,285,270,256,249,247,249,261,276,297,316,344,367,386,407,430,449,468,487,502,507,500,492,474,452,433,421]}","{""name"":""not_defined"",""type"":""unknown"",""image_quality"":{""good"":true,""frontal"":true,""good_illumination"":true}}"
66.jpg,166311,"{""caption"":"""",""public_domain"":""no"",""image_url"":""""}",1,0,"{""name"":""polygon"",""all_points_x"":[711,695,681,669,659,678,695,702,702,699,684,657,628,601,560,537,513,500,497,497,502,504,519,537,557,590,618,645,669,688,703,710],""all_points_y"":[406,392,384,376,370,353,339,325,307,291,267,254,249,248,257,272,293,320,346,374,401,422,449,468,485,500,504,501,491,476,458,438]}","{""name"":""not_defined"",""type"":""unknown"",""image_quality"":{""good"":true,""frontal"":true,""good_illumination"":true}}"
67.jpg,179505,"{""caption"":"""",""public_domain"":""no"",""image_url"":""""}",1,0,"{""name"":""polygon"",""all_points_x"":[716,713,692,659,675,691,700,700,699,687,668,652,624,595,567,546,526,510,503,500,500,508,521,540,565,589,619,650,669,692,705],""all_points_y"":[410,404,390,373,357,343,330,313,293,272,258,253,249,249,256,269,287,311,337,362,388,427,452,474,489,497,503,497,486,468,446]}","{""name"":""not_defined"",""type"":""unknown"",""image_quality"":{""good"":true,""frontal"":true,""good_illumination"":true}}"
68.jpg,170058,"{""caption"":"""",""public_domain"":""no"",""image_url"":""""}",1,0,"{""name"":""polygon"",""all_points_x"":[715,662,703,702,698,685,662,635,609,580,549,530,514,497,493,498,507,519,540,567,598,633,656,679,698,707,710],""all_points_y"":[402,372,334,313,293,272,257,249,246,253,264,279,300,328,355,395,424,453,475,489,501,503,494,484,466,443,427]}","{""name"":""not_defined"",""type"":""unknown"",""image_quality"":{""good"":true,""frontal"":true,""good_illumination"":true}}"
69.jpg,181977,"{""caption"":"""",""public_domain"":""no"",""image_url"":""""}",1,0,"{""name"":""polygon"",""all_points_x"":[716,691,671,662,698,701,697,692,671,640,595,559,528,509,496,492,498,510,524,550,580,620,648,673,692,707,716],""all_points_y"":[404,388,375,369,338,323,298,278,261,251,246,258,278,307,333,367,402,434,459,483,496,506,500,490,473,451,427]}","{""name"":""not_defined"",""type"":""unknown"",""image_quality"":{""good"":true,""frontal"":true,""good_illumination"":true}}"
70.jpg,178706,"{""caption"":"""",""public_domain"":""no"",""image_url"":""""}",1,0,"{""name"":""polygon"",""all_points_x"":[713,658,696,702,700,702,683,653,630,596,560,528,507,497,495,498,508,525,548,577,606,640,665,685,700,710,713],""all_points_y"":[401,370,338,326,309,295,268,253,249,249,256,278,310,332,364,394,428,456,481,497,501,499,492,475,461,443,418]}","{""name"":""not_defined"",""type"":""unknown"",""image_quality"":{""good"":true,""frontal"":true,""good_illumination"":true}}"
71.jpg,165392,"{""caption"":"""",""public_domain"":""no"",""image_url"":""""}",1,0,"{""name"":""polygon"",""all_points_x"":[713,659,701,703,694,673,656,625,598,560,535,516,498,495,499,507,516,533,555,589,619,650,674,697,710,713],""all_points_y"":[402,370,329,304,281,262,253,249,247,258,274,297,325,355,389,419,443,469,485,501,507,500,490,470,446,418]}","{""name"":""not_defined"",""type"":""unknown"",""image_quality"":{""good"":true,""frontal"":true,""good_illumination"":true}}"
72.jpg,151791,"{""caption"":"""",""public_domain"":""no"",""image_url"":""""}",1,0,"{""name"":""polygon"",""all_points_x"":[717,656,704,706,699,687,656,627,596,561,539,513,498,495,500,510,520,532,556,589,614,650,672,695,714,719],""all_points_y"":[403,368,334,316,290,268,251,247,248,256,273,303,332,360,393,429,448,470,488,500,504,500,488,474,444,421]}","{""name"":""not_defined"",""type"":""unknown"",""image_quality"":{""good"":true,""frontal"":true,""good_illumination"":true}}"
73.jpg,152290,"{""caption"":"""",""public_domain"":""no"",""image_url"":""""}",1,0,"{""name"":""polygon"",""all_points_x"":[653,704,699,689,659,622,589,557,524,504,494,494,501,519,540,576,600,629,657,681,697,708,710,709],""all_points_y"":[371,332,299,274,257,251,248,260,283,308,331,364,417,451,474,497,501,504,497,479,463,447,424,399]}","{""name"":""not_defined"",""type"":""unknown"",""image_quality"":{""good"":true,""frontal"":true,""good_illumination"":true}}"
74.jpg,148504,"{""caption"":"""",""public_domain"":""no"",""image_url"":""""}",1,0,"{""name"":""polygon"",""all_points_x"":[647,704,700,696,681,648,620,594,566,543,522,504,491,491,494,508,528,549,572,593,618,642,666,684,701,712,717],""all_points_y"":[368,331,302,282,264,250,248,249,251,264,287,308,334,368,406,442,466,483,497,501,502,498,490,474,454,432,402]}","{""name"":""not_defined"",""type"":""unknown"",""image_quality"":{""good"":true,""frontal"":true,""good_illumination"":true}}"
75.jpg,133975,"{""caption"":"""",""public_domain"":""no"",""image_url"":""""}",1,0,"{""name"":""polygon"",""all_points_x"":[713,650,695,703,698,680,644,613,580,551,523,505,494,495,497,506,519,532,554,584,612,640,665,692,707,714],""all_points_y"":[402,370,335,314,287,262,248,244,249,261,285,309,344,372,402,427,451,471,484,500,501,500,492,474,449,425]}","{""name"":""not_defined"",""type"":""unknown"",""image_quality"":{""good"":true,""frontal"":true,""good_illumination"":true}}"
76.jpg,138499,"{""caption"":"""",""public_domain"":""no"",""image_url"":""""}",1,0,"{""name"":""polygon"",""all_points_x"":[716,717,706,693,672,654,629,593,567,537,519,504,497,490,496,509,527,558,596,642,676,693,706,708,656],""all_points_y"":[403,431,457,474,489,497,502,502,493,476,451,421,399,372,332,303,273,257,247,249,259,274,301,324,364]}","{""name"":""not_defined"",""type"":""unknown"",""image_quality"":{""good"":true,""frontal"":true,""good_illumination"":true}}"
77.jpg,155328,"{""caption"":"""",""public_domain"":""no"",""image_url"":""""}",1,0,"{""name"":""polygon"",""all_points_x"":[714,653,692,701,703,699,683,661,631,600,569,539,518,503,498,496,500,508,525,542,570,605,643,664,689,707,715],""all_points_y"":[401,371,338,325,306,285,266,255,249,247,254,268,290,319,337,367,392,427,457,476,494,502,500,490,474,453,425]}","{""name"":""not_defined"",""type"":""unknown"",""image_quality"":{""good"":true,""frontal"":true,""good_illumination"":true}}"
78.jpg,155538,"{""caption"":"""",""public_domain"":""no"",""image_url"":""""}",1,0,"{""name"":""polygon"",""all_points_x"":[710,653,685,700,702,686,660,631,585,555,531,510,492,493,497,505,520,546,573,602,642,668,683,704,713,714],""all_points_y"":[401,370,345,322,302,273,255,246,246,258,274,296,335,361,399,427,452,480,490,502,500,489,475,453,433,413]}","{""name"":""not_defined"",""type"":""unknown"",""image_quality"":{""good"":true,""frontal"":true,""good_illumination"":true}}"
79.jpg,174529,"{""caption"":"""",""public_domain"":""no"",""image_url"":""""}",1,0,"{""name"":""polygon"",""all_points_x"":[729,704,690,707,715,716,714,698,677,653,619,586,552,519,503,492,489,488,497,505,522,537,561,595,620,648,672,698,716,729,732],""all_points_y"":[392,380,370,357,339,321,302,279,264,255,249,249,261,288,313,338,358,383,403,425,453,468,483,496,499,494,483,468,446,421,399]}","{""name"":""not_defined"",""type"":""unknown"",""image_quality"":{""good"":true,""frontal"":true,""good_illumination"":true}}"
80.jpg,173017,"{""caption"":"""",""public_domain"":""no"",""image_url"":""""}",1,0,"{""name"":""polygon"",""all_points_x"":[727,708,689,709,715,719,713,694,673,643,612,590,565,537,524,503,494,494,494,502,522,546,572,604,638,662,692,710,725,729,729],""all_points_y"":[392,383,373,357,343,316,291,272,260,252,249,252,259,274,291,313,333,356,389,418,447,472,487,495,497,487,474,456,428,399,394]}","{""name"":""not_defined"",""type"":""unknown"",""image_quality"":{""good"":true,""frontal"":true,""good_illumination"":true}}"
81.jpg,169702,"{""caption"":"""",""public_domain"":""no"",""image_url"":""""}",1,0,"{""name"":""polygon"",""all_points_x"":[729,693,714,723,719,705,685,659,641,609,577,543,521,502,493,491,495,507,527,559,601,644,675,695,715,729,732],""all_points_y"":[392,370,351,334,311,285,264,250,248,244,249,267,286,312,340,370,399,428,456,478,495,495,485,472,451,422,402]}","{""name"":""not_defined"",""type"":""unknown"",""image_quality"":{""good"":true,""frontal"":true,""good_illumination"":true}}"
82.jpg,157635,"{""caption"":"""",""public_domain"":""no"",""image_url"":""""}",1,0,"{""name"":""polygon"",""all_points_x"":[725,698,716,723,717,704,681,663,629,595,560,532,509,493,488,491,497,513,522,541,561,589,613,642,668,687,707,719,730,733,732],""all_points_y"":[386,372,353,331,306,282,264,254,249,246,257,275,298,322,352,376,405,430,449,468,481,493,497,495,487,474,459,441,417,398,390]}","{""name"":""not_defined"",""type"":""unknown"",""image_quality"":{""good"":true,""frontal"":true,""good_illumination"":true}}"
83.jpg,163042,"{""caption"":"""",""public_domain"":""no"",""image_url"":""""}",1,0,"{""name"":""polygon"",""all_points_x"":[723,694,722,722,709,686,662,646,627,594,557,528,502,488,490,497,517,539,567,602,633,664,688,707,719,732,733],""all_points_y"":[386,370,340,316,291,267,257,252,249,248,261,279,313,343,377,410,444,468,484,495,495,489,474,456,435,408,389]}","{""name"":""not_defined"",""type"":""unknown"",""image_quality"":{""good"":true,""frontal"":true,""good_illumination"":true}}"
84.jpg,141857,"{""caption"":"""",""public_domain"":""no"",""image_url"":""""}",1,0,"{""name"":""polygon"",""all_points_x"":[732,702,722,723,716,691,671,641,604,574,548,526,505,492,493,503,519,552,592,624,659,689,715,729,736],""all_points_y"":[389,370,338,319,295,270,258,249,248,253,265,290,313,347,380,414,441,475,493,498,486,474,449,421,392]}","{""name"":""not_defined"",""type"":""unknown"",""image_quality"":{""good"":true,""frontal"":true,""good_illumination"":true}}"
85.jpg,149243,"{""caption"":"""",""public_domain"":""no"",""image_url"":""""}",1,0,"{""name"":""polygon"",""all_points_x"":[735,701,721,724,716,702,676,654,618,578,552,526,508,488,489,497,518,541,577,607,644,674,707,719,732,735,735],""all_points_y"":[390,367,335,319,297,278,262,252,246,250,266,284,307,339,370,407,441,471,491,497,497,488,465,444,418,401,392]}","{""name"":""not_defined"",""type"":""unknown"",""image_quality"":{""good"":true,""frontal"":true,""good_illumination"":true}}"
86.jpg,172905,"{""caption"":"""",""public_domain"":""no"",""image_url"":""""}",1,0,"{""name"":""polygon"",""all_points_x"":[735,708,731,719,707,678,652,621,592,565,537,516,497,491,496,510,531,558,586,621,660,688,714,730,738],""all_points_y"":[390,370,335,303,281,262,252,246,249,259,277,300,327,362,393,428,455,479,491,498,494,476,458,428,405]}","{""name"":""not_defined"",""type"":""unknown"",""image_quality"":{""good"":true,""frontal"":true,""good_illumination"":true}}"
87.jpg,179102,"{""caption"":"""",""public_domain"":""no"",""image_url"":""""}",1,0,"{""name"":""polygon"",""all_points_x"":[761,754,744,731,684,655,620,583,553,528,505,492,494,508,526,561,601,646,692,716,746,760],""all_points_y"":[377,399,423,446,481,491,492,484,467,444,414,382,348,311,288,264,251,246,262,283,321,354]}","{""name"":""not_defined"",""type"":""unknown"",""image_quality"":{""good"":true,""frontal"":true,""good_illumination"":true}}"
88.jpg,174669,"{""caption"":"""",""public_domain"":""no"",""image_url"":""""}",1,0,"{""name"":""polygon"",""all_points_x"":[761,760,751,735,707,674,640,605,573,549,528,508,495,494,494,503,515,535,557,578,605,643,682,708,734,748],""all_points_y"":[372,392,414,443,468,486,495,491,478,462,443,417,390,368,348,322,300,281,266,256,249,249,260,279,304,326]}","{""name"":""not_defined"",""type"":""unknown"",""image_quality"":{""good"":true,""frontal"":true,""good_illumination"":true}}"
89.jpg,165073,"{""caption"":"""",""public_domain"":""no"",""image_url"":""""}",1,0,"{""name"":""polygon"",""all_points_x"":[760,752,738,722,703,668,637,601,560,538,513,498,493,498,511,526,551,582,613,660,700,731,753],""all_points_y"":[374,410,432,456,473,487,494,492,473,453,428,397,364,335,310,287,268,255,246,251,270,303,346]}","{""name"":""not_defined"",""type"":""unknown"",""image_quality"":{""good"":true,""frontal"":true,""good_illumination"":true}}"
90.jpg,172937,"{""caption"":"""",""public_domain"":""no"",""image_url"":""""}",1,0,"{""name"":""polygon"",""all_points_x"":[759,753,746,733,713,684,650,609,571,540,513,494,491,500,523,552,586,626,665,698,726,747],""all_points_y"":[376,403,421,443,462,480,491,494,480,459,426,389,358,321,293,268,253,246,255,269,295,331]}","{""name"":""not_defined"",""type"":""unknown"",""image_quality"":{""good"":true,""frontal"":true,""good_illumination"":true}}"
91.jpg,184989,"{""caption"":"""",""public_domain"":""no"",""image_url"":""""}",1,0,"{""name"":""polygon"",""all_points_x"":[761,753,743,718,700,678,639,598,567,535,512,496,491,499,516,537,568,590,626,674,710,734,755],""all_points_y"":[378,404,430,456,472,484,492,491,474,453,425,388,357,328,304,283,264,252,249,255,276,307,345]}","{""name"":""not_defined"",""type"":""unknown"",""image_quality"":{""good"":true,""frontal"":true,""good_illumination"":true}}"
92.jpg,177782,"{""caption"":"""",""public_domain"":""no"",""image_url"":""""}",1,0,"{""name"":""polygon"",""all_points_x"":[764,759,750,733,713,687,650,609,569,541,519,500,491,494,507,526,547,580,609,637,680,704,726,744],""all_points_y"":[378,397,421,449,468,484,492,492,478,459,437,405,379,343,315,291,272,255,248,248,255,270,291,319]}","{""name"":""not_defined"",""type"":""unknown"",""image_quality"":{""good"":true,""frontal"":true,""good_illumination"":true}}"
93.jpg,161471,"{""caption"":"""",""public_domain"":""no"",""image_url"":""""}",1,0,"{""name"":""polygon"",""all_points_x"":[763,756,744,732,716,689,669,634,591,552,529,503,488,495,507,528,553,588,628,675,713,733,747],""all_points_y"":[381,401,431,447,462,482,488,493,489,471,446,411,370,336,308,287,267,253,245,254,277,297,322]}","{""name"":""not_defined"",""type"":""unknown"",""image_quality"":{""good"":true,""frontal"":true,""good_illumination"":true}}"
94.jpg,132666,"{""caption"":"""",""public_domain"":""no"",""image_url"":""""}",1,0,"{""name"":""polygon"",""all_points_x"":[761,757,749,741,726,703,685,659,628,598,568,546,525,507,494,490,494,507,525,552,578,613,668,701,729,750],""all_points_y"":[374,392,412,431,453,469,482,489,494,488,478,463,447,421,392,362,338,310,286,265,253,243,248,264,293,332]}","{""name"":""not_defined"",""type"":""unknown"",""image_quality"":{""good"":true,""frontal"":true,""good_illumination"":true}}"
95.jpg,138701,"{""caption"":"""",""public_domain"":""no"",""image_url"":""""}",1,0,"{""name"":""polygon"",""all_points_x"":[767,758,743,725,701,670,637,601,564,538,513,493,488,494,510,536,567,600,631,669,703,724,744,759],""all_points_y"":[383,407,435,459,477,491,496,492,478,457,427,389,364,333,303,279,262,249,243,252,265,286,314,343]}","{""name"":""not_defined"",""type"":""unknown"",""image_quality"":{""good"":true,""frontal"":true,""good_illumination"":true}}"
96.jpg,140429,"{""caption"":"""",""public_domain"":""no"",""image_url"":""""}",1,0,"{""name"":""polygon"",""all_points_x"":[765,762,753,741,716,697,665,627,589,561,531,507,493,487,503,522,548,579,616,658,688,719,740,759],""all_points_y"":[378,398,418,442,467,478,490,496,487,474,449,420,392,359,318,294,270,252,246,248,258,279,306,342]}","{""name"":""not_defined"",""type"":""unknown"",""image_quality"":{""good"":true,""frontal"":true,""good_illumination"":true}}"
97.jpg,151737,"{""caption"":"""",""public_domain"":""no"",""image_url"":""""}",1,0,"{""name"":""polygon"",""all_points_x"":[765,759,746,729,700,672,634,596,561,525,504,491,488,499,535,566,604,650,696,726,750,762],""all_points_y"":[383,410,435,462,479,491,497,493,476,445,413,386,360,325,282,263,253,251,267,288,322,349]}","{""name"":""not_defined"",""type"":""unknown"",""image_quality"":{""good"":true,""frontal"":true,""good_illumination"":true}}"
98.jpg,129480,"{""caption"":"""",""public_domain"":""no"",""image_url"":""""}",1,0,"{""name"":""polygon"",""all_points_x"":[768,760,745,729,701,665,633,587,536,512,494,490,497,510,533,561,589,627,669,704,729,749],""all_points_y"":[380,407,432,458,480,491,498,488,462,427,392,363,335,308,285,265,255,248,253,270,300,330]}","{""name"":""not_defined"",""type"":""unknown"",""image_quality"":{""good"":true,""frontal"":true,""good_illumination"":true}}"
99.jpg,143637,"{""caption"":"""",""public_domain"":""no"",""image_url"":""""}",1,0,"{""name"":""polygon"",""all_points_x"":[767,759,748,719,681,640,607,569,535,513,497,490,494,515,538,579,616,672,711,737,756,761],""all_points_y"":[383,405,436,465,489,496,494,481,456,428,398,370,340,307,281,256,249,255,275,307,332,345]}","{""name"":""not_defined"",""type"":""unknown"",""image_quality"":{""good"":true,""frontal"":true,""good_illumination"":true}}"
100.jpg,137755,"{""caption"":"""",""public_domain"":""no"",""image_url"":""""}",1,0,"{""name"":""polygon"",""all_points_x"":[765,759,748,732,705,669,627,582,547,525,503,490,491,497,513,538,567,595,637,683,715,744,759],""all_points_y"":[384,404,429,449,474,491,495,486,465,443,416,383,354,329,304,281,262,249,246,259,278,313,346]}","{""name"":""not_defined"",""type"":""unknown"",""image_quality"":{""good"":true,""frontal"":true,""good_illumination"":true}}"
101.jpg,160571,"{""caption"":"""",""public_domain"":""no"",""image_url"":""""}",1,0,"{""name"":""polygon"",""all_points_x"":[763,756,743,723,692,657,620,575,537,510,489,489,501,524,550,584,620,671,707,733,754],""all_points_y"":[385,407,436,463,483,494,494,486,459,424,386,355,319,291,270,255,246,253,272,301,339]}","{""name"":""not_defined"",""type"":""unknown"",""image_quality"":{""good"":true,""frontal"":true,""good_illumination"":true}}"
102.jpg,178082,"{""caption"":"""",""public_domain"":""no"",""image_url"":""""}",1,0,"{""name"":""polygon"",""all_points_x"":[762,755,739,718,683,637,594,558,535,515,492,487,504,546,583,625,685,713,737,756,766],""all_points_y"":[386,413,443,464,489,498,489,471,453,431,392,355,319,273,253,246,262,279,304,332,369]}","{""name"":""not_defined"",""type"":""unknown"",""image_quality"":{""good"":true,""frontal"":true,""good_illumination"":true}}"
103.jpg,150820,"{""caption"":"""",""public_domain"":""no"",""image_url"":""""}",1,0,"{""name"":""polygon"",""all_points_x"":[748,739,719,695,666,625,592,555,528,506,494,490,495,510,529,555,586,619,662,700,723,741],""all_points_y"":[382,419,454,478,492,499,495,479,460,428,399,369,343,316,288,268,252,252,256,281,305,341]}","{""name"":""not_defined"",""type"":""unknown"",""image_quality"":{""good"":true,""frontal"":true,""good_illumination"":true}}"
104.jpg,167969,"{""caption"":"""",""public_domain"":""no"",""image_url"":""""}",1,0,"{""name"":""polygon"",""all_points_x"":[749,745,733,718,692,662,627,587,556,531,510,495,491,497,513,532,555,583,619,675,704,726,745],""all_points_y"":[386,408,437,459,481,494,499,494,479,461,434,403,364,335,303,281,264,251,246,259,276,313,345]}","{""name"":""not_defined"",""type"":""unknown"",""image_quality"":{""good"":true,""frontal"":true,""good_illumination"":true}}"
105.jpg,168856,"{""caption"":"""",""public_domain"":""no"",""image_url"":""""}",1,0,"{""name"":""polygon"",""all_points_x"":[751,745,732,713,682,651,617,580,541,517,501,495,503,519,540,573,604,653,697,725,745,754],""all_points_y"":[389,414,446,472,490,500,499,492,467,435,407,373,334,303,280,258,248,251,271,300,340,370]}","{""name"":""not_defined"",""type"":""unknown"",""image_quality"":{""good"":true,""frontal"":true,""good_illumination"":true}}"
106.jpg,136993,"{""caption"":"""",""public_domain"":""no"",""image_url"":""""}",1,0,"{""name"":""polygon"",""all_points_x"":[757,751,740,718,688,655,622,586,549,522,506,496,503,519,539,564,594,622,670,706,734,753],""all_points_y"":[383,408,435,465,484,497,501,491,470,440,406,369,335,303,282,265,252,246,254,276,309,352]}","{""name"":""not_defined"",""type"":""unknown"",""image_quality"":{""good"":true,""frontal"":true,""good_illumination"":true}}"
107.jpg,119760,"{""caption"":"""",""public_domain"":""no"",""image_url"":""""}",1,0,"{""name"":""polygon"",""all_points_x"":[762,750,739,724,701,671,634,590,549,528,510,500,500,508,526,556,595,630,671,710,738,755],""all_points_y"":[387,416,438,462,479,495,497,489,472,441,416,389,355,323,294,268,251,248,253,278,313,346]}","{""name"":""not_defined"",""type"":""unknown"",""image_quality"":{""good"":true,""frontal"":true,""good_illumination"":true}}"
108.jpg,143104,"{""caption"":"""",""public_domain"":""no"",""image_url"":""""}",1,0,"{""name"":""polygon"",""all_points_x"":[745,735,721,707,683,653,612,573,540,517,498,494,507,525,542,558,586,621,666,692,724,741,750],""all_points_y"":[395,427,451,472,484,496,499,491,468,440,409,362,322,295,272,261,253,251,257,272,297,332,368]}","{""name"":""not_defined"",""type"":""unknown"",""image_quality"":{""good"":true,""frontal"":true,""good_illumination"":true}}"
109.jpg,159326,"{""caption"":"""",""public_domain"":""no"",""image_url"":""""}",1,0,"{""name"":""polygon"",""all_points_x"":[743,738,726,710,692,661,624,590,546,519,499,488,491,512,531,557,588,628,681,713,736,747],""all_points_y"":[395,418,444,465,479,492,500,493,471,446,413,376,341,303,281,264,251,252,264,291,328,364]}","{""name"":""not_defined"",""type"":""unknown"",""image_quality"":{""good"":true,""frontal"":true,""good_illumination"":true}}"
110.jpg,167510,"{""caption"":"""",""public_domain"":""no"",""image_url"":""""}",1,0,"{""name"":""polygon"",""all_points_x"":[741,731,721,704,671,644,599,554,519,494,487,495,516,537,576,628,684,712,732,748,746],""all_points_y"":[401,429,454,472,487,498,495,481,453,410,364,329,296,270,257,252,267,288,322,358,386]}","{""name"":""not_defined"",""type"":""unknown"",""image_quality"":{""good"":true,""frontal"":true,""good_illumination"":true}}"
111.jpg,164937,"{""caption"":"""",""public_domain"":""no"",""image_url"":""""}",1,0,"{""name"":""polygon"",""all_points_x"":[739,722,697,674,646,611,576,537,516,500,491,495,506,531,561,591,625,676,713,733,742,744],""all_points_y"":[418,453,472,488,500,497,488,471,442,407,379,346,316,287,267,258,252,262,291,320,352,392]}","{""name"":""not_defined"",""type"":""unknown"",""image_quality"":{""good"":true,""frontal"":true,""good_illumination"":true}}"
112.jpg,169525,"{""caption"":"""",""public_domain"":""no"",""image_url"":""""}",1,0,"{""name"":""polygon"",""all_points_x"":[738,723,707,677,642,601,571,535,516,500,494,497,507,537,572,599,637,672,698,728,741,742,747],""all_points_y"":[417,446,468,488,499,496,490,470,441,405,370,329,303,275,258,248,249,258,277,310,345,383,386]}","{""name"":""not_defined"",""type"":""unknown"",""image_quality"":{""good"":true,""frontal"":true,""good_illumination"":true}}"
113.jpg,170985,"{""caption"":"""",""public_domain"":""no"",""image_url"":""""}",1,0,"{""name"":""polygon"",""all_points_x"":[749,735,718,700,664,621,582,547,513,494,491,503,528,560,602,646,686,718,735,745],""all_points_y"":[399,434,456,478,492,495,492,474,439,397,352,316,283,261,253,249,265,288,322,355]}","{""name"":""not_defined"",""type"":""unknown"",""image_quality"":{""good"":true,""frontal"":true,""good_illumination"":true}}"
114.jpg,172366,"{""caption"":"""",""public_domain"":""no"",""image_url"":""""}",1,0,"{""name"":""polygon"",""all_points_x"":[742,732,722,699,683,653,624,582,549,516,495,491,493,510,537,564,601,634,674,704,732,742],""all_points_y"":[394,421,448,465,481,494,497,494,479,451,416,380,340,301,270,255,247,248,259,285,319,357]}","{""name"":""not_defined"",""type"":""unknown"",""image_quality"":{""good"":true,""frontal"":true,""good_illumination"":true}}"
115.jpg,173698,"{""caption"":"""",""public_domain"":""no"",""image_url"":""""}",1,0,"{""name"":""polygon"",""all_points_x"":[735,716,696,681,653,622,583,547,519,497,497,497,512,537,567,594,637,679,703,727,744,746],""all_points_y"":[421,451,471,485,495,497,491,475,449,413,376,343,303,279,261,250,248,259,279,313,352,387]}","{""name"":""not_defined"",""type"":""unknown"",""image_quality"":{""good"":true,""frontal"":true,""good_illumination"":true}}"